{
  "R01_baseline": {
    "success": true,
    "final_loss": 7.728750228881836,
    "avg_loss": 8.2892751455307,
    "min_loss": 7.49875020980835,
    "val_loss": 7.640625,
    "val_perplexity": 2081.0439453125,
    "time": 36.63252639770508,
    "nan_encountered": false
  },
  "R02_minimal": {
    "success": true,
    "final_loss": 7.738749980926514,
    "avg_loss": 8.28250018596649,
    "min_loss": 7.416250228881836,
    "val_loss": 7.590625,
    "val_perplexity": 1979.5499267578125,
    "time": 18.048838138580322,
    "nan_encountered": false
  },
  "R03_deep": {
    "success": true,
    "final_loss": 7.768750190734863,
    "avg_loss": 8.30406261920929,
    "min_loss": 7.49875020980835,
    "val_loss": 7.640625,
    "val_perplexity": 2081.0439453125,
    "time": 60.406004190444946,
    "nan_encountered": false
  },
  "R04_more_H": {
    "success": true,
    "final_loss": 7.758749961853027,
    "avg_loss": 8.297187595367431,
    "min_loss": 7.49875020980835,
    "val_loss": 7.63125,
    "val_perplexity": 2061.625244140625,
    "time": 31.310463666915894,
    "nan_encountered": false
  },
  "R05_more_L": {
    "success": true,
    "final_loss": 7.758749961853027,
    "avg_loss": 8.303750100135803,
    "min_loss": 7.49875020980835,
    "val_loss": 7.628125,
    "val_perplexity": 2055.193359375,
    "time": 34.0087103843689,
    "nan_encountered": false
  },
  "R06_no_act": {
    "success": true,
    "final_loss": 7.71875,
    "avg_loss": 8.2721875,
    "min_loss": 7.46875,
    "val_loss": 7.640625,
    "val_perplexity": 2081.0439453125,
    "time": 36.191550731658936,
    "nan_encountered": false
  },
  "R07_high_explore": {
    "success": true,
    "final_loss": 7.728750228881836,
    "avg_loss": 8.289900145530702,
    "min_loss": 7.49875020980835,
    "val_loss": 7.6375,
    "val_perplexity": 2074.550537109375,
    "time": 37.09733057022095,
    "nan_encountered": false
  },
  "R08_low_explore": {
    "success": true,
    "final_loss": 7.728750228881836,
    "avg_loss": 8.2892751455307,
    "min_loss": 7.478750228881836,
    "val_loss": 7.6375,
    "val_perplexity": 2074.550537109375,
    "time": 36.112425327301025,
    "nan_encountered": false
  },
  "R09_extended_halt": {
    "success": true,
    "final_loss": 7.707499980926514,
    "avg_loss": 8.314187598228454,
    "min_loss": 7.538750171661377,
    "val_loss": 7.63125,
    "val_perplexity": 2061.625244140625,
    "time": 36.010902643203735,
    "nan_encountered": false
  },
  "R10_low_lr": {
    "success": true,
    "final_loss": 8.510000228881836,
    "avg_loss": 9.223650140762329,
    "min_loss": 8.385000228881836,
    "val_loss": 8.45,
    "val_perplexity": 4675.07177734375,
    "time": 35.838157176971436,
    "nan_encountered": false
  },
  "R11_high_lr": {
    "success": true,
    "final_loss": 7.728750228881836,
    "avg_loss": 8.132400140762329,
    "min_loss": 7.510000228881836,
    "val_loss": 7.628125,
    "val_perplexity": 2055.193359375,
    "time": 34.69124746322632,
    "nan_encountered": false
  },
  "R12_med_lr": {
    "success": true,
    "final_loss": 7.728750228881836,
    "avg_loss": 8.4611501455307,
    "min_loss": 7.510000228881836,
    "val_loss": 7.6375,
    "val_perplexity": 2074.550537109375,
    "time": 36.15043306350708,
    "nan_encountered": false
  },
  "R13_optimized": {
    "success": true,
    "final_loss": 7.697500228881836,
    "avg_loss": 8.117087640762328,
    "min_loss": 7.478750228881836,
    "val_loss": 7.628125,
    "val_perplexity": 2055.193359375,
    "time": 32.360599517822266,
    "nan_encountered": false
  },
  "R14_asym_H": {
    "success": true,
    "final_loss": 7.728750228881836,
    "avg_loss": 8.290525145530701,
    "min_loss": 7.49875020980835,
    "val_loss": 7.640625,
    "val_perplexity": 2081.0439453125,
    "time": 25.035512924194336,
    "nan_encountered": false
  },
  "R15_asym_L": {
    "success": true,
    "final_loss": 7.697500228881836,
    "avg_loss": 8.300212645530701,
    "min_loss": 7.478750228881836,
    "val_loss": 7.634375,
    "val_perplexity": 2068.078369140625,
    "time": 27.29300332069397,
    "nan_encountered": false
  }
}